{"template":"default","enableI18N":"0","messageCategory":"app","db":"db","nameAttribute":"name, title, username","nsModel":"common\\models","nsSearchModel":"app\\models","baseModelClass":"yii\\db\\ActiveRecord","queryNs":"app\\models","queryBaseClass":"yii\\db\\ActiveQuery","optimisticLock":"lock","createdBy":"created_by","updatedBy":"updated_by","deletedBy":"deleted_by","createdAt":"created_at","timestampValue":"new \\yii\\db\\Expression('NOW()')","updatedAt":"updated_at","deletedAt":"deleted_at","blameableValue":"\\Yii::$app->user->id","UUIDColumn":"id"}